Census2002, HasNew, SOC2000, SCTSEI, SCMSEI, NTPrestige, NTTSEI, HWTOccEd, HWTOccInc, HWTSEI, HWMOccED, HWMOccInc, HWMSEI, HWFOccEd, HWFOccInc, HWFSEI 
0010, Yes, 11-1011, 51.60, 58.00, 52.71, 66.32, 74.31, 53.13, 48.35, 76.94, 63.79, 49.98, 70.68, 32.44, 44.82 
0020, Yes, 11-1021, 47.95, 55.16, 50.79, 64.55, 73.17, 53.85, 47.94, 75.61, 63.89, 49.45, 69.67, 32.09, 44.28 
0030, Yes, 11-1031, 57.09, 59.78, 60.92, 74.00, 84.29, 43.05, 50.86, 85.32, 50.00, 48.19, 84.29, 32.30, 51.05 
0040, No , 11-2011, 58.19, 61.28, 59.12, 73.03, 85.37, 61.19, 55.10, 87.21, 70.98, 56.12, 81.45, 41.79, 51.42 
0050, Yes, 11-2020, 56.40, 60.10, 58.05, 71.62, 83.57, 60.25, 54.06, 85.54, 70.02, 55.19, 79.66, 40.50, 50.35 
0060, Yes, 11-2031, 62.87, 65.23, 52.84, 73.52, 86.48, 49.87, 53.57, 87.28, 60.58, 52.61, 84.33, 36.67, 52.06 
0100, Yes, 11-3011, 49.82, 56.59, 51.90, 66.14, 74.65, 54.60, 48.88, 76.92, 64.19, 50.12, 71.36, 33.29, 45.35 
0110, Yes, 11-3021, 48.41, 55.49, 51.28, 64.92, 73.58, 54.16, 48.24, 76.04, 64.15, 49.73, 70.07, 32.64, 44.62 
0120, Yes, 11-3031, 57.34, 62.72, 56.66, 71.52, 82.09, 53.56, 51.98, 89.13, 68.31, 56.88, 73.54, 35.58, 46.57 
0130, Yes, 11-3040, 59.31, 65.44, 53.49, 68.86, 74.78, 48.79, 47.52, 77.70, 58.92, 48.36, 71.74, 37.86, 46.31 
0140, Yes, 11-3051, 47.39, 54.82, 50.65, 64.11, 72.65, 53.73, 47.66, 75.03, 63.70, 49.16, 69.29, 31.54, 44.00 
0150, No , 11-3061, 48.33, 54.65, 55.41, 68.65, 77.10, 55.26, 49.95, 79.80, 64.82, 51.20, 71.66, 35.30, 45.74 
0160, Yes, 11-3071, 47.48, 54.78, 50.39, 63.97, 72.52, 53.25, 47.50, 74.92, 63.23, 48.97, 69.12, 31.21, 43.87 
0200, Yes, 11-9011, 35.46, 35.09, 47.12, 44.46, 39.42, 19.83, 29.26, 38.51, 20.93, 26.02, 45.14, 13.61, 31.04 
0210, Yes, 11-9012, 23.62, 21.93, 39.85, 37.08, 34.48, 19.45, 27.56, 33.55, 20.38, 24.63, 40.68, 12.64, 29.26 
0220, Yes, 11-9021, 47.35, 54.79, 50.63, 64.07, 72.57, 53.74, 47.63, 74.93, 63.68, 49.13, 69.26, 31.57, 44.00 
0230, Yes, 11-9030, 78.30, 80.62, 62.24, 82.56, 85.53, 51.25, 53.47, 89.39, 66.24, 55.79, 81.70, 35.83, 50.45 
0300, No , 11-9041, 57.95, 62.44, 56.77, 72.24, 79.67, 61.51, 53.71, 81.22, 68.70, 53.84, 76.83, 42.13, 50.48 
0310, Yes, 11-9051, 47.26, 54.76, 50.64, 64.00, 80.38, 38.23, 47.80, 81.31, 40.13, 43.59, 72.51, 23.51, 43.41 
0320, Yes, 11-9061, 60.47, 58.33, 49.14, 74.00, 55.97, 18.09, 33.82, 63.41, 24.05, 32.82, 45.76, 10.81, 30.07 
0330, Yes, 11-9071, 47.26, 54.76, 50.64, 64.00, 77.38, 35.21, 45.83, 76.49, 45.02, 43.61, 78.41, 25.54, 46.41 
0340, Yes, 11-9081, 48.22, 55.03, 50.09, 63.72, 78.49, 38.43, 47.10, 79.86, 42.00, 43.76, 71.63, 24.07, 43.24 
0350, Yes, 11-9111, 55.66, 62.44, 61.31, 69.39, 76.50, 46.48, 47.90, 81.19, 60.68, 50.28, 73.45, 32.85, 46.08 
0360, Yes, 11-9121, 52.45, 58.85, 52.78, 67.31, 75.33, 54.14, 49.49, 77.72, 64.08, 50.59, 72.03, 33.18, 45.97 
0400, No , 11-9131, 39.84, 45.23, 52.85, 55.00, 60.83, 76.49, 48.68, 71.50, 88.18, 59.61, 49.00, 63.65, 43.58 
0410, Yes, 11-9141, 42.44, 47.84, 39.33, 54.54, 67.88, 37.66, 42.67, 73.53, 50.19, 44.44, 61.04, 22.93, 39.09 
0420, No , 11-9151, 50.60, 56.58, 51.08, 65.43, 77.76, 41.01, 47.51, 78.49, 50.79, 46.34, 76.66, 28.23, 46.64 
0430, Yes, 11-9199, 48.38, 55.31, 50.67, 64.33, 73.56, 51.37, 47.61, 75.94, 61.34, 48.76, 69.93, 31.06, 44.17 
0500, Yes, 13-1011, 49.26, 54.20, 51.73, 61.99, 74.37, 40.87, 45.70, 74.64, 49.78, 44.60, 73.84, 26.00, 44.52 
0510, No , 13-1021, 47.50, 50.66, 42.15, 55.40, 61.15, 33.44, 39.62, 64.33, 41.96, 39.66, 54.34, 18.28, 35.56 
0520, Yes, 13-1022, 46.75, 51.18, 47.98, 55.85, 62.60, 28.12, 38.75, 66.41, 38.00, 38.70, 58.67, 16.50, 36.44 
0530, Yes, 13-1023, 53.45, 56.24, 42.45, 62.16, 70.93, 37.15, 43.61, 74.54, 48.30, 44.12, 66.41, 23.40, 41.05 
0540, Yes, 13-1030, 54.12, 37.11, 46.51, 57.30, 69.54, 27.30, 40.73, 83.00, 45.06, 45.81, 62.36, 17.79, 37.85 
0560, Yes, 13-1041, 45.40, 48.13, 48.95, 60.77, 71.12, 42.77, 45.00, 72.52, 50.04, 44.21, 69.27, 27.61, 43.20 
0600, Yes, 13-1051, 51.29, 56.84, 49.61, 66.86, 74.64, 38.96, 45.60, 77.02, 52.93, 46.97, 72.16, 25.15, 43.67 
0620, Yes, 13-1070, 58.94, 64.98, 43.69, 63.12, 77.24, 38.78, 46.53, 78.28, 52.28, 46.42, 75.42, 28.89, 45.94 
0700, Yes, 13-1081, 65.62, 65.88, 54.09, 80.48, 87.57, 62.53, 56.92, 90.38, 71.80, 58.08, 83.86, 50.47, 54.42 
0710, Yes, 13-1111, 70.01, 71.42, 60.70, 83.00, 90.22, 59.92, 58.28, 92.14, 66.63, 57.34, 87.23, 47.07, 55.88 
0720, Yes, 13-1121, 45.15, 52.65, 48.30, 60.52, 74.39, 32.65, 44.07, 76.05, 40.76, 42.09, 72.63, 22.78, 43.37 
0730, Yes, 13-11XX, 51.85, 56.38, 48.82, 67.42, 71.66, 28.42, 41.83, 72.83, 45.96, 42.93, 70.96, 20.49, 41.91 
0800, No , 13-2011, 64.76, 70.19, 65.38, 76.00, 89.19, 41.58, 53.79, 95.81, 57.93, 57.88, 83.48, 26.50, 49.26 
0810, Yes, 13-2021, 51.74, 56.26, 48.38, 63.34, 76.91, 39.65, 46.59, 81.31, 48.51, 46.33, 71.76, 31.72, 44.95 
0820, No , 13-2031, 50.54, 58.58, 47.77, 56.70, 71.96, 31.36, 42.69, 84.71, 46.40, 47.26, 65.02, 20.31, 39.57 
0830, No , 13-2041, 62.99, 68.14, 55.82, 70.93, 84.75, 41.85, 51.14, 93.22, 58.48, 55.70, 76.74, 25.96, 46.03 
0840, Yes, 13-2051, 62.17, 66.71, 48.86, 68.24, 81.83, 43.57, 49.70, 91.01, 59.55, 54.13, 72.14, 26.82, 44.06 
0850, Yes, 13-2052, 59.59, 61.94, 48.11, 69.63, 80.68, 46.24, 49.86, 86.62, 57.46, 51.47, 70.82, 29.08, 44.13 
0860, No , 13-2053, 53.76, 55.67, 47.14, 60.69, 74.71, 39.31, 45.58, 88.99, 57.90, 52.73, 65.61, 27.61, 41.80 
0900, Yes, 13-2061, 63.33, 68.50, 64.01, 75.14, 88.07, 42.31, 53.32, 94.33, 58.08, 57.10, 82.59, 27.21, 48.99 
0910, Yes, 13-2070, 60.34, 65.49, 47.73, 65.84, 79.84, 39.95, 47.98, 89.90, 56.78, 52.80, 70.46, 24.32, 42.75 
0930, No , 13-2081, 59.39, 63.77, 60.17, 72.55, 85.03, 44.37, 52.00, 90.53, 58.54, 55.02, 79.74, 29.25, 48.09 
0940, No , 13-2082, 61.62, 66.54, 48.40, 67.00, 81.31, 42.07, 49.09, 91.21, 58.90, 54.01, 71.50, 25.54, 43.52 
0950, Yes, 13-2099, 51.00, 56.24, 43.88, 58.03, 70.06, 33.05, 42.72, 79.24, 46.83, 46.04, 62.04, 20.15, 38.52 
1000, Yes, 15-10XX, 68.94, 70.17, 69.55, 80.89, 90.13, 67.85, 61.05, 91.36, 72.61, 59.96, 87.61, 57.43, 58.98 
1010, Yes, 15-1021, 64.94, 63.08, 59.96, 73.43, 90.10, 56.81, 57.90, 91.10, 61.05, 54.98, 87.99, 48.93, 57.07 
1020, Yes, 15-1030, 73.58, 74.30, 72.86, 84.26, 93.15, 72.37, 64.05, 94.02, 76.01, 62.54, 90.95, 63.42, 62.00 
1040, Yes, 15-1041, 73.65, 74.16, 73.17, 84.70, 93.15, 72.02, 63.94, 93.94, 75.59, 62.25, 91.37, 61.87, 62.09 
1060, Yes, 15-1061, 73.06, 73.92, 73.70, 84.00, 93.15, 71.50, 63.81, 94.10, 75.40, 62.33, 91.21, 62.71, 62.08 
1100, Yes, 15-1071, 56.68, 61.76, 59.06, 71.31, 80.05, 60.23, 53.52, 81.88, 67.94, 53.92, 77.25, 42.86, 50.57 
1110, Yes, 15-1081, 74.70, 75.13, 71.06, 84.83, 93.15, 74.22, 64.57, 93.84, 77.33, 62.99, 90.37, 64.93, 61.84 
1200, No , 15-2011, 80.37, 84.37, 44.47, 90.00, 97.07, 76.49, 71.80, 99.02, 84.29, 76.35, 92.13, 61.77, 62.89 
1210, No , 15-2021, 84.39, 84.33, 63.46, 92.00, 95.12, 78.41, 68.34, 96.08, 83.34, 68.36, 92.13, 65.70, 63.69 
1220, No , 15-2031, 64.77, 65.16, 53.01, 79.84, 87.10, 61.63, 56.35, 90.12, 71.42, 57.77, 83.18, 49.79, 53.82 
1230, No , 15-2041, 65.12, 71.45, 55.57, 75.00, 89.19, 49.00, 55.29, 94.10, 63.65, 57.93, 84.29, 35.21, 51.67 
1240, Yes, 15-2090, 58.37, 57.17, 46.99, 71.13, 78.85, 44.70, 49.65, 79.26, 51.93, 48.29, 78.63, 31.06, 48.11 
1300, No , 17-1010, 78.54, 76.68, 72.33, 83.17, 93.51, 58.06, 61.66, 93.51, 61.83, 57.02, 94.53, 37.64, 61.75 
1310, No , 17-1020, 46.18, 45.59, 48.46, 59.92, 73.40, 43.47, 46.69, 74.09, 47.68, 44.30, 73.04, 28.46, 44.78 
1320, Yes, 17-2011, 83.53, 83.22, 71.55, 83.05, 95.12, 87.17, 71.46, 96.08, 88.16, 71.51, 92.13, 69.61, 64.53 
1330, Yes, 17-2021, 78.99, 77.99, 59.54, 86.00, 87.21, 69.64, 58.17, 86.29, 68.57, 54.75, 99.02, 84.29, 85.44 
1340, Yes, 17-2031, 70.56, 70.63, 65.57, 82.28, 89.19, 65.95, 60.29, 90.44, 70.46, 58.46, 87.36, 50.45, 57.87 
1350, Yes, 17-2041, 87.14, 85.39, 73.30, 93.00, 95.12, 83.34, 69.92, 95.12, 84.29, 67.70, 96.08, 73.50, 71.21 
1360, Yes, 17-2051, 76.10, 74.61, 68.34, 86.32, 92.75, 73.43, 64.07, 91.76, 74.42, 60.21, 92.78, 57.92, 62.99 
1400, No , 17-2061, 75.96, 75.59, 69.37, 86.32, 92.74, 75.36, 64.44, 93.02, 77.47, 62.36, 91.20, 63.30, 62.36 
1410, Yes, 17-2070, 78.97, 78.27, 64.19, 87.00, 93.15, 81.31, 66.55, 93.15, 82.35, 64.72, 88.18, 70.68, 61.21 
1420, Yes, 17-2081, 77.08, 75.75, 69.46, 87.56, 93.30, 74.41, 64.81, 92.73, 75.84, 61.41, 92.74, 58.44, 62.96 
1430, Yes, 17-2110, 72.09, 71.63, 64.08, 80.53, 88.32, 68.90, 59.22, 89.01, 72.25, 57.72, 83.92, 47.83, 54.53 
1440, Yes, 17-2121, 69.43, 69.17, 55.95, 65.28, 73.20, 65.04, 50.93, 74.90, 66.91, 50.83, 77.59, 70.67, 56.97 
1450, No , 17-2131, 79.31, 78.63, 63.39, 87.33, 89.95, 74.19, 61.77, 90.10, 76.27, 60.08, 91.81, 56.46, 62.49 
1460, Yes, 17-2141, 76.69, 76.03, 64.55, 86.13, 90.39, 77.20, 62.56, 90.39, 77.33, 60.38, 93.09, 67.08, 65.03 
1500, Yes, 17-2151, 75.97, 74.81, 59.79, 84.52, 88.31, 71.05, 59.28, 88.31, 72.01, 57.04, 81.19, 58.40, 54.74 
1510, No , 17-2161, 83.02, 81.74, 63.30, 91.00, 95.12, 85.32, 70.66, 95.12, 87.21, 69.60, 89.19, 64.79, 60.72 
1520, Yes, 17-2171, 82.32, 80.55, 65.85, 89.00, 92.13, 77.38, 64.27, 92.13, 78.41, 62.01, 83.34, 60.83, 55.98 
1530, No , 17-2199, 76.62, 75.55, 69.90, 87.79, 93.07, 75.16, 64.73, 93.07, 77.09, 62.16, 91.55, 59.30, 61.94 
1540, Yes, 17-3010, 48.34, 46.13, 51.38, 61.85, 78.13, 36.26, 46.36, 78.14, 39.08, 42.21, 79.09, 22.54, 45.97 
1550, Yes, 17-3020, 46.11, 45.64, 54.75, 61.10, 74.56, 42.53, 46.20, 75.82, 46.78, 44.00, 68.69, 26.31, 42.48 
1560, Yes, 17-3031, 41.19, 38.44, 40.05, 52.50, 66.47, 32.61, 41.22, 66.39, 34.14, 37.42, 70.45, 23.99, 42.50 
1600, Yes, 19-1010, 69.86, 68.63, 60.42, 74.76, 85.38, 39.15, 51.42, 86.34, 43.18, 47.18, 85.23, 28.23, 51.24 
1610, Yes, 19-1020, 75.33, 75.31, 70.97, 82.86, 94.96, 43.87, 61.79, 95.85, 48.73, 56.21, 94.31, 36.17, 61.56 
1640, Yes, 19-1030, 50.18, 48.71, 54.26, 71.84, 83.93, 42.37, 50.54, 84.44, 47.29, 47.05, 85.83, 22.40, 49.81 
1650, Yes, 19-1040, 77.12, 77.27, 65.32, 85.11, 98.68, 50.28, 73.21, 98.79, 55.22, 64.13, 98.47, 43.52, 74.72 
1700, Yes, 19-2010, 87.00, 85.16, 73.48, 91.00, 96.08, 73.50, 68.77, 97.07, 77.38, 66.98, 92.13, 46.01, 59.92 
1710, Yes, 19-2021, 74.58, 77.70, 63.39, 79.00, 93.15, 65.70, 62.45, 93.15, 69.64, 59.14, 89.19, 37.29, 55.46 
1720, No , 19-2030, 77.51, 75.31, 73.01, 86.77, 93.84, 58.78, 62.08, 93.83, 63.51, 57.78, 94.86, 45.88, 63.68 
1740, Yes, 19-2040, 82.49, 82.00, 69.76, 86.17, 94.86, 58.33, 65.33, 95.34, 61.55, 59.58, 93.75, 47.04, 63.68 
1760, Yes, 19-2099, 62.27, 60.83, 54.27, 73.38, 82.07, 43.51, 51.72, 81.52, 48.79, 47.86, 82.93, 31.15, 51.42 
1800, No , 19-3011, 78.27, 79.57, 62.86, 85.00, 98.04, 56.95, 70.46, 98.04, 69.64, 65.98, 98.04, 41.10, 70.39 
1810, Yes, 19-3020, 73.01, 73.36, 58.58, 81.31, 93.07, 52.95, 65.33, 92.88, 64.28, 61.19, 93.45, 37.50, 65.25 
1820, Yes, 19-3030, 82.48, 81.06, 69.39, 83.00, 99.02, 55.97, 75.58, 99.02, 61.77, 66.93, 99.02, 51.00, 77.77 
1830, No , 19-3041, 78.33, 73.79, 60.75, 80.00, 99.02, 44.03, 73.23, 99.02, 54.98, 64.71, 99.02, 32.30, 74.14 
1840, No , 19-3051, 69.44, 66.61, 48.21, 78.83, 86.36, 51.43, 55.85, 86.65, 57.22, 53.06, 85.79, 38.26, 54.30 
1860, Yes, 19-3090, 73.39, 72.01, 64.20, 77.26, 97.21, 40.06, 66.29, 97.12, 47.85, 58.24, 97.25, 31.44, 67.56 
1900, Yes, 19-4011, 39.11, 37.60, 32.82, 53.07, 61.44, 26.85, 38.03, 60.68, 32.56, 35.52, 63.04, 18.92, 38.64 
1910, Yes, 19-4021, 40.44, 40.40, 38.26, 52.51, 63.42, 23.63, 37.74, 64.63, 30.43, 35.70, 64.14, 16.53, 38.13 
1920, Yes, 19-4031, 49.45, 46.96, 37.75, 61.67, 64.62, 45.12, 43.09, 63.50, 49.07, 41.61, 66.43, 31.37, 42.98 
1930, Yes, 19-4041, 46.88, 46.85, 43.16, 58.94, 72.16, 34.46, 43.61, 73.83, 42.69, 42.20, 69.02, 20.24, 41.07 
1940, Yes, 19-4051, 51.02, 47.55, 40.99, 65.72, 72.55, 36.19, 44.04, 71.62, 41.99, 41.35, 74.31, 22.42, 43.82 
1960, Yes, 19-40XX, 49.31, 46.73, 42.51, 64.03, 72.29, 35.07, 43.78, 72.05, 41.11, 41.23, 73.06, 21.22, 43.07 
2000, Yes, 21-1010, 72.46, 70.59, 56.41, 75.98, 89.48, 40.29, 56.15, 91.04, 45.97, 51.41, 89.08, 36.34, 57.76 
2010, Yes, 21-1020, 67.21, 65.96, 52.94, 70.68, 87.60, 29.78, 50.90, 88.42, 37.09, 46.09, 86.73, 24.94, 51.85 
2020, Yes, 21-1090, 54.47, 57.63, 50.41, 62.89, 77.23, 30.06, 45.27, 80.31, 38.12, 43.11, 75.97, 22.91, 45.24 
2040, No , 21-2011, 65.60, 61.88, 67.73, 73.57, 88.86, 16.61, 47.27, 89.97, 17.75, 38.47, 86.84, 11.86, 46.79 
2050, No , 21-2021, 63.76, 60.96, 62.51, 71.72, 87.45, 16.42, 46.31, 88.96, 18.15, 38.18, 85.24, 12.06, 45.95 
2060, Yes, 21-2099, 57.08, 57.61, 43.55, 65.00, 82.35, 15.71, 42.81, 85.32, 19.62, 37.13, 79.41, 12.79, 42.90 
2100, Yes, 23-1011, 86.97, 85.83, 73.92, 91.01, 98.09, 75.69, 79.11, 98.17, 79.79, 73.34, 97.97, 65.36, 79.53 
2110, Yes, 23-102X, 65.24, 67.69, 62.39, 78.16, 85.58, 62.02, 57.54, 87.56, 70.62, 57.67, 80.66, 45.51, 53.80 
2140, Yes, 23-2011, 50.36, 52.68, 58.59, 63.66, 79.83, 36.20, 49.85, 84.63, 44.71, 48.28, 77.82, 30.56, 50.12 
2150, Yes, 23-2090, 57.49, 59.84, 62.36, 68.68, 84.63, 43.07, 56.09, 88.74, 51.58, 53.78, 83.30, 37.58, 56.79 
2200, Yes, 25-1000, 69.16, 67.87, 65.01, 77.19, 89.95, 46.03, 59.48, 90.57, 53.82, 54.96, 89.06, 36.19, 58.71 
2300, Yes, 25-2010, 58.51, 50.32, 54.93, 57.00, 74.46, 8.79, 36.03, 83.34, 19.62, 36.36, 74.46, 8.79, 38.80 
2310, Yes, 25-2020, 70.88, 68.99, 64.06, 78.97, 94.09, 48.00, 60.09, 97.03, 59.81, 60.38, 93.14, 44.01, 60.68 
2320, Yes, 25-2030, 74.79, 72.68, 66.04, 79.72, 95.87, 51.66, 63.82, 96.85, 58.61, 59.85, 94.90, 46.65, 63.79 
2330, No , 25-2040, 67.24, 65.19, 64.31, 76.12, 92.44, 45.83, 58.21, 95.74, 57.94, 58.52, 91.47, 42.03, 58.92 
2340, Yes, 25-3000, 61.02, 59.35, 55.14, 70.22, 87.25, 38.40, 53.61, 87.95, 47.17, 49.85, 86.28, 30.77, 53.48 
2400, Yes, 25-4010, 55.40, 56.15, 51.46, 68.08, 79.98, 39.50, 48.10, 80.35, 47.06, 45.56, 79.17, 26.81, 47.61 
2430, Yes, 25-4021, 65.46, 65.23, 54.42, 72.00, 87.21, 31.43, 50.17, 94.10, 37.29, 49.43, 85.32, 29.32, 51.01 
2440, Yes, 25-4031, 46.70, 44.01, 32.77, 55.85, 68.02, 15.06, 35.18, 72.68, 17.57, 29.61, 67.00, 10.75, 36.09 
2540, Yes, 25-9041, 30.65, 38.45, 41.40, 37.28, 52.80, 9.65, 29.02, 70.35, 16.91, 30.82, 50.28, 8.45, 30.05 
2550, Yes, 25-90XX, 56.84, 55.65, 48.08, 65.00, 82.98, 33.06, 47.98, 84.37, 43.59, 45.91, 81.57, 26.14, 48.09 
2600, Yes, 27-1010, 51.88, 51.38, 49.05, 61.51, 75.65, 29.21, 43.80, 74.51, 36.26, 40.23, 75.72, 20.11, 43.96 
2630, Yes, 27-1020, 48.90, 53.29, 46.84, 61.24, 74.40, 35.14, 44.55, 79.69, 48.25, 45.63, 70.02, 22.98, 42.26 
2700, No , 27-2011, 49.71, 53.50, 54.74, 68.60, 84.97, 41.87, 51.97, 85.50, 44.76, 47.05, 85.64, 38.21, 54.36 
2710, Yes, 27-2012, 50.52, 55.72, 55.31, 69.42, 84.32, 46.63, 52.28, 84.84, 51.68, 48.99, 84.27, 37.83, 53.18 
2720, Yes, 27-2020, 66.48, 64.64, 62.76, 74.85, 90.57, 43.48, 56.67, 92.91, 53.83, 55.91, 89.75, 38.52, 57.11 
2740, No , 27-2030, 29.83, 41.20, 53.49, 44.00, 52.00, 22.62, 33.98, 60.83, 26.50, 33.27, 49.00, 21.59, 34.92 
2750, No , 27-2040, 45.57, 40.70, 46.61, 56.90, 76.31, 34.21, 45.11, 72.42, 36.28, 39.61, 83.08, 29.26, 49.73 
2760, Yes, 27-2099, 56.00, 56.29, 37.71, 54.00, 75.05, 32.40, 44.40, 72.59, 39.05, 40.80, 76.78, 26.56, 46.14 
2800, Yes, 27-3010, 49.10, 48.54, 49.02, 55.16, 67.28, 22.83, 38.98, 70.14, 25.80, 35.12, 69.61, 19.74, 41.47 
2810, Yes, 27-3020, 66.56, 68.78, 59.33, 74.33, 90.23, 37.76, 54.24, 92.18, 45.45, 50.87, 89.18, 31.05, 54.51 
2820, Yes, 27-3031, 67.26, 68.94, 47.83, 74.03, 87.32, 41.02, 52.35, 87.37, 52.82, 50.02, 86.39, 32.28, 52.36 
2830, No , 27-3041, 66.14, 68.19, 59.04, 75.02, 90.92, 39.35, 54.81, 92.68, 47.22, 51.54, 89.99, 32.39, 55.12 
2840, Yes, 27-3042, 60.19, 59.48, 54.96, 77.91, 89.71, 49.13, 56.00, 90.66, 59.42, 54.09, 88.72, 39.10, 55.75 
2850, No , 27-3043, 70.02, 69.98, 61.44, 75.51, 92.31, 39.56, 56.38, 92.85, 47.53, 51.77, 92.01, 32.00, 57.20 
2860, Yes, 27-3090, 48.81, 50.08, 51.54, 60.31, 75.88, 37.17, 46.04, 77.46, 43.98, 44.03, 71.67, 26.10, 44.16 
2900, Yes, 27-4010, 50.28, 48.94, 46.18, 63.09, 73.93, 42.98, 47.02, 73.96, 47.07, 44.48, 72.92, 30.63, 45.31 
2910, Yes, 27-4021, 43.15, 42.93, 47.30, 59.11, 74.37, 30.72, 43.50, 76.29, 35.35, 40.31, 67.48, 18.38, 39.93 
2920, Yes, 27-4030, 43.77, 43.66, 46.14, 59.27, 73.81, 30.44, 43.43, 75.54, 35.53, 40.35, 68.36, 18.07, 40.41 
2960, Yes, 27-4099, 37.11, 38.20, 44.06, 49.62, 68.79, 31.46, 41.62, 69.90, 36.06, 38.92, 65.89, 17.65, 39.24 
3000, No , 29-1011, 79.58, 77.48, 50.44, 87.00, 89.19, 56.95, 56.86, 95.12, 68.57, 60.65, 73.50, 29.32, 45.21 
3010, Yes, 29-1020, 89.57, 88.49, 71.79, 96.00, 98.04, 83.34, 77.08, 99.02, 86.29, 77.58, 97.07, 64.79, 71.61 
3030, Yes, 29-1031, 43.38, 39.56, 55.61, 55.00, 69.64, 22.62, 39.65, 56.95, 23.51, 31.19, 71.50, 22.62, 42.76 
3040, No , 29-1041, 85.73, 84.16, 67.16, 93.00, 98.04, 78.41, 75.50, 98.04, 81.31, 71.04, 95.12, 62.71, 67.04 
3050, No , 29-1051, 81.10, 80.35, 68.32, 89.00, 94.10, 71.50, 65.06, 97.07, 76.49, 66.54, 90.20, 63.65, 61.36 
3060, Yes, 29-1060, 88.26, 87.09, 86.01, 96.98, 99.01, 77.38, 80.50, 99.01, 81.30, 74.69, 98.03, 63.63, 74.67 
3110, Yes, 29-1071, 54.08, 53.87, 59.69, 51.67, 76.44, 25.13, 42.94, 82.38, 31.67, 41.07, 70.90, 19.66, 41.37 
3120, Yes, 29-1081, 82.89, 81.94, 64.86, 91.00, 98.04, 76.49, 74.94, 99.02, 79.41, 73.75, 91.21, 45.02, 58.72 
3130, Yes, 29-1111, 46.00, 45.57, 66.06, 72.24, 93.12, 52.22, 60.42, 92.20, 57.16, 54.42, 93.01, 52.21, 62.90 
3140, No , 29-1121, 59.94, 56.93, 60.76, 76.00, 97.07, 54.98, 66.92, 96.08, 66.60, 61.18, 97.07, 53.99, 69.52 
3150, Yes, 29-1122, 59.94, 56.93, 55.97, 74.00, 94.10, 48.00, 60.08, 83.34, 51.00, 47.72, 96.08, 47.00, 65.89 
3160, Yes, 29-1123, 59.94, 56.93, 61.45, 73.96, 90.19, 54.85, 57.24, 92.12, 61.64, 55.60, 89.18, 51.87, 58.23 
3200, Yes, 29-1124, 41.08, 46.97, 58.83, 60.36, 86.47, 30.90, 49.51, 85.76, 42.88, 46.17, 86.38, 26.23, 50.95 
3210, No , 29-1125, 59.94, 56.93, 62.36, 64.00, 88.18, 25.54, 49.42, 90.20, 31.43, 44.48, 87.21, 23.51, 50.90 
3220, Yes, 29-1126, 59.94, 56.93, 62.99, 61.00, 92.13, 34.30, 54.92, 92.13, 43.05, 49.73, 91.21, 28.50, 55.33 
3230, No , 29-1127, 59.94, 56.93, 60.76, 76.00, 97.07, 54.98, 66.92, 96.08, 66.60, 61.18, 97.07, 53.99, 69.52 
3240, Yes, 29-1129, 58.77, 55.81, 60.94, 63.10, 86.57, 25.52, 48.78, 88.66, 31.30, 43.90, 85.55, 23.53, 50.26 
3250, Yes, 29-1131, 86.60, 85.46, 62.28, 90.00, 98.04, 58.90, 70.86, 99.02, 65.70, 68.26, 98.04, 39.17, 70.01 
3260, No , 29-1199, 84.12, 82.50, 69.00, 92.21, 94.32, 67.60, 69.20, 97.16, 75.21, 67.99, 86.29, 47.21, 60.58 
3300, Yes, 29-2010, 52.86, 51.68, 66.62, 62.60, 79.45, 25.60, 44.63, 81.55, 31.97, 40.90, 78.16, 23.39, 45.90 
3310, No , 29-2021, 67.25, 53.47, 52.23, 74.00, 97.07, 49.00, 65.75, 91.21, 53.99, 52.45, 97.07, 49.00, 68.60 
3320, Yes, 29-2030, 44.17, 48.12, 59.59, 59.90, 81.85, 28.00, 46.43, 82.79, 38.35, 43.48, 81.23, 23.34, 47.47 
3400, No , 29-2041, 47.21, 50.31, 57.49, 51.18, 70.71, 17.53, 38.40, 78.10, 26.53, 37.63, 67.12, 12.48, 37.47 
3410, Yes, 29-2050, 36.83, 38.37, 51.27, 43.70, 57.71, 13.44, 32.56, 66.54, 20.89, 32.06, 55.25, 10.64, 32.88 
3500, No , 29-2061, 25.11, 26.37, 58.81, 43.04, 70.32, 15.27, 37.60, 75.89, 22.88, 35.52, 69.19, 14.30, 39.38 
3510, No , 29-2071, 48.89, 52.12, 49.15, 56.93, 62.66, 13.30, 33.61, 75.68, 21.54, 34.03, 61.05, 11.32, 34.99 
3520, Yes, 29-2081, 28.69, 30.26, 37.54, 43.54, 53.42, 17.73, 32.88, 57.37, 28.80, 33.39, 50.32, 7.47, 29.52 
3530, Yes, 29-2090, 42.30, 46.58, 51.98, 50.44, 65.35, 17.63, 37.24, 73.44, 27.13, 37.06, 61.89, 12.19, 36.02 
3540, Yes, 29-9000, 47.98, 50.90, 54.74, 58.52, 71.67, 29.03, 41.46, 77.43, 37.46, 41.00, 69.30, 19.80, 40.41 
3600, Yes, 31-1010, 24.02, 22.18, 42.46, 30.13, 39.83, 9.66, 25.18, 55.04, 14.65, 26.09, 36.91, 9.61, 26.49 
3610, Yes, 31-2010, 30.87, 34.28, 52.39, 40.68, 48.32, 11.08, 28.67, 59.91, 19.48, 29.99, 45.45, 8.38, 28.62 
3620, Yes, 31-2020, 25.38, 27.23, 48.63, 35.05, 40.40, 9.55, 25.43, 53.99, 16.69, 27.16, 37.49, 8.09, 25.88 
3630, No , 31-9011, 28.38, 26.67, 25.41, 34.00, 42.07, 9.80, 26.10, 48.00, 11.82, 22.77, 39.17, 8.79, 26.90 
3640, No , 31-9091, 27.15, 34.22, 44.56, 40.00, 56.95, 6.85, 28.65, 66.60, 19.62, 31.55, 56.95, 6.85, 31.25 
3650, Yes, 31-909X, 26.69, 27.95, 41.69, 35.29, 43.19, 10.90, 26.79, 54.78, 17.68, 27.63, 40.20, 8.99, 27.08 
3700, Yes, 33-1011, 34.55, 33.66, 51.44, 58.87, 70.61, 47.27, 45.73, 73.91, 52.99, 45.52, 61.14, 27.38, 40.16 
3710, Yes, 33-1012, 38.97, 39.76, 56.94, 65.40, 75.16, 56.65, 49.34, 77.01, 61.75, 49.20, 66.89, 34.65, 43.79 
3720, Yes, 33-1021, 33.20, 33.47, 56.49, 58.13, 71.13, 48.92, 46.18, 71.69, 50.31, 44.00, 75.07, 34.51, 46.95 
3730, Yes, 33-1099, 29.15, 27.31, 41.69, 49.90, 58.16, 29.20, 37.45, 59.30, 31.71, 34.63, 54.93, 19.95, 36.16 
3740, Yes, 33-2011, 33.13, 33.43, 53.04, 52.31, 65.01, 34.84, 41.06, 65.03, 35.85, 37.67, 70.48, 20.94, 41.87 
3750, Yes, 33-2020, 38.45, 38.52, 56.63, 55.63, 66.82, 41.34, 43.16, 67.65, 44.23, 41.16, 63.27, 23.04, 39.86 
3800, Yes, 33-3010, 24.92, 22.42, 40.67, 46.84, 55.47, 27.93, 36.45, 54.82, 29.07, 32.95, 58.33, 20.04, 37.40 
3820, Yes, 33-3021, 37.62, 36.72, 58.69, 61.83, 75.03, 49.09, 47.69, 75.08, 51.28, 45.15, 72.15, 36.68, 46.21 
3830, No , 33-3031, 29.28, 26.27, 41.75, 48.23, 55.33, 17.80, 32.63, 57.05, 19.77, 28.30, 52.42, 12.20, 31.76 
3840, No , 33-3041, 33.37, 31.15, 48.32, 53.00, 66.60, 32.30, 41.09, 67.70, 34.30, 37.75, 62.71, 23.51, 39.86 
3850, Yes, 33-3051, 36.52, 35.36, 57.52, 60.26, 73.40, 46.74, 46.60, 73.44, 48.67, 43.85, 70.51, 34.89, 45.20 
3860, Yes, 33-3052, 23.57, 21.11, 41.33, 37.72, 45.73, 17.19, 30.27, 44.97, 18.53, 26.22, 45.65, 12.55, 30.67 
3900, No , 33-9011, 29.34, 25.70, 37.66, 49.54, 51.88, 9.32, 28.31, 54.75, 11.40, 23.27, 49.03, 5.87, 27.53 
3910, Yes, 33-9021, 28.53, 27.65, 43.28, 42.97, 52.57, 20.16, 33.32, 53.53, 23.59, 30.20, 51.64, 14.52, 33.26 
3920, Yes, 33-9030, 24.64, 22.13, 42.13, 39.84, 48.64, 18.07, 31.51, 47.83, 19.18, 27.10, 48.43, 13.09, 31.81 
3940, Yes, 33-9091, 16.96, 14.87, 32.89, 23.82, 20.30, 13.15, 19.63, 21.85, 17.33, 20.02, 20.55, 10.46, 20.37 
3950, Yes, 33-909X, 31.62, 29.57, 44.28, 51.25, 58.94, 23.80, 35.43, 60.54, 26.78, 31.81, 56.20, 16.85, 34.41 
4000, Yes, 35-1011, 21.30, 22.67, 33.39, 33.37, 31.42, 10.14, 21.12, 34.69, 11.67, 17.85, 26.67, 7.24, 19.87 
4010, Yes, 35-1012, 36.45, 41.26, 44.00, 52.70, 64.45, 26.71, 38.91, 68.72, 30.50, 36.52, 56.84, 16.39, 35.33 
4020, Yes, 35-2010, 17.52, 18.02, 30.44, 28.23, 22.60, 5.91, 16.42, 25.59, 6.91, 12.98, 18.74, 4.91, 15.85 
4030, Yes, 35-2021, 18.06, 18.14, 23.47, 29.12, 25.80, 6.04, 17.61, 31.01, 7.34, 14.49, 23.90, 5.38, 18.47 
4040, No , 35-3011, 23.96, 22.71, 24.53, 34.00, 47.00, 7.87, 26.39, 55.97, 10.81, 23.66, 38.23, 5.90, 24.53 
4050, Yes, 35-3021, 18.43, 20.13, 26.19, 30.55, 32.77, 5.88, 20.07, 42.28, 7.91, 17.81, 29.82, 5.00, 20.50 
4060, No , 35-3022, 23.78, 26.74, 27.64, 37.23, 37.67, 9.44, 23.65, 44.33, 14.92, 22.38, 34.43, 6.61, 23.24 
4110, Yes, 35-3031, 18.93, 22.23, 28.08, 32.14, 40.74, 6.01, 22.99, 55.16, 8.91, 21.80, 36.95, 4.94, 23.23 
4120, Yes, 35-3041, 20.01, 19.02, 21.41, 33.10, 26.52, 6.62, 18.09, 27.71, 7.56, 13.27, 26.35, 5.98, 19.81 
4130, Yes, 35-9011, 18.82, 16.51, 21.43, 32.05, 24.25, 6.00, 17.13, 24.00, 6.24, 11.54, 24.61, 5.71, 19.19 
4140, No , 35-9021, 18.32, 16.96, 17.30, 29.02, 20.67, 5.88, 15.55, 21.24, 6.04, 10.52, 20.58, 5.84, 17.60 
4150, Yes, 35-9031, 27.01, 28.82, 33.98, 41.97, 47.17, 16.28, 29.38, 51.84, 19.54, 26.76, 41.56, 10.80, 27.68 
4160, No , 35-9099, 18.54, 17.27, 16.90, 29.17, 21.34, 6.20, 15.94, 21.46, 6.36, 10.67, 21.26, 6.10, 18.02 
4200, No , 37-1011, 21.78, 21.26, 33.09, 34.58, 33.99, 18.75, 26.60, 38.35, 22.80, 26.38, 25.96, 8.41, 21.07 
4210, Yes, 37-1012, 33.57, 35.55, 41.38, 49.28, 54.54, 29.44, 36.22, 55.13, 33.16, 33.92, 56.51, 14.77, 34.06 
4220, Yes, 31-201X, 17.81, 15.52, 22.23, 27.22, 21.02, 10.87, 18.94, 24.14, 12.55, 17.70, 17.03, 7.67, 17.13 
4230, Yes, 37-2012, 16.35, 15.16, 21.50, 23.23, 18.05, 8.14, 15.72, 24.02, 10.82, 16.25, 15.70, 6.66, 15.48 
4240, Yes, 37-2021, 19.55, 18.63, 32.92, 33.02, 36.06, 16.77, 27.16, 37.02, 17.92, 24.06, 36.11, 7.76, 25.02 
4250, Yes, 37-3010, 19.27, 16.12, 28.59, 31.02, 26.44, 10.89, 21.22, 25.46, 10.93, 16.76, 37.66, 9.63, 26.76 
4300, Yes, 39-1010, 42.88, 47.98, 45.82, 58.74, 67.37, 43.39, 43.53, 69.32, 52.21, 43.84, 65.09, 26.51, 41.25 
4320, Yes, 39-1021, 37.83, 35.41, 50.18, 58.99, 73.97, 35.57, 46.82, 74.26, 41.93, 43.19, 73.94, 33.54, 48.39 
4340, Yes, 39-2011, 39.03, 37.69, 30.26, 41.22, 49.41, 20.83, 31.09, 47.38, 24.69, 27.00, 53.02, 16.63, 33.47 
4350, Yes, 39-2021, 22.68, 18.89, 21.30, 37.39, 41.65, 7.94, 24.70, 37.97, 10.74, 19.70, 43.69, 5.89, 26.26 
4400, Yes, 39-3010, 27.23, 28.33, 29.63, 38.94, 42.74, 13.00, 27.20, 46.99, 17.13, 25.39, 41.80, 10.76, 28.17 
4410, No , 39-3021, 32.92, 30.87, 39.34, 49.85, 55.64, 30.81, 37.13, 55.08, 33.12, 34.45, 56.88, 18.99, 36.65 
4420, No , 39-3031, 26.07, 21.93, 22.81, 43.15, 43.42, 12.28, 27.70, 40.28, 13.57, 22.12, 51.12, 10.23, 31.42 
4430, Yes, 39-3090, 28.46, 25.90, 27.74, 38.53, 45.30, 14.19, 28.94, 47.57, 16.76, 25.53, 44.58, 11.79, 30.01 
4460, No , 39-4000, 32.83, 30.76, 28.42, 40.24, 48.00, 14.97, 29.60, 52.58, 17.71, 26.39, 46.05, 11.48, 30.22 
4500, No , 39-5011, 20.43, 18.20, 35.71, 30.00, 33.40, 13.71, 25.15, 31.43, 15.71, 21.69, 41.10, 8.79, 27.54 
4510, Yes, 39-5012, 20.24, 27.16, 35.46, 28.04, 41.31, 11.26, 26.59, 48.56, 20.84, 28.21, 40.63, 8.79, 27.38 
4520, Yes, 39-5090, 22.95, 29.25, 39.15, 30.18, 43.71, 13.64, 28.56, 49.72, 22.73, 29.57, 43.94, 11.18, 29.63 
4530, Yes, 39-6010, 19.81, 17.48, 23.96, 29.67, 29.00, 11.57, 21.79, 31.95, 13.61, 20.01, 25.28, 9.03, 20.87 
4540, Yes, 39-6020, 26.29, 23.04, 28.44, 47.87, 58.59, 13.62, 32.95, 57.96, 17.32, 28.37, 59.14, 10.84, 34.31 
4550, Yes, 39-6030, 35.59, 23.96, 35.04, 50.50, 59.67, 30.99, 37.49, 59.25, 32.69, 33.93, 57.90, 30.25, 38.48 
4600, Yes, 39-9011, 22.76, 24.14, 35.20, 32.58, 40.50, 5.95, 22.77, 47.61, 10.31, 21.42, 39.83, 5.91, 24.98 
4610, Yes, 39-9021, 22.18, 21.10, 38.53, 27.84, 35.03, 8.55, 22.82, 50.16, 13.45, 24.26, 32.39, 8.43, 24.09 
4620, Yes, 39-9030, 50.64, 51.96, 42.77, 56.46, 71.19, 23.94, 39.85, 75.27, 30.45, 37.57, 68.29, 16.67, 39.29 
4640, Yes, 39-9041, 24.95, 26.55, 33.05, 33.53, 38.32, 8.59, 24.08, 48.27, 10.74, 21.88, 36.69, 8.21, 25.68 
4650, Yes, 39-9099, 21.82, 20.71, 27.56, 29.28, 31.42, 9.77, 21.57, 38.32, 12.73, 20.89, 29.82, 8.45, 22.44 
4700, Yes, 41-1011, 47.44, 55.01, 43.74, 50.67, 59.48, 30.28, 38.24, 62.90, 38.11, 37.90, 53.36, 15.51, 34.37 
4710, Yes, 41-1012, 48.63, 55.97, 45.36, 52.99, 62.22, 33.79, 40.05, 65.41, 41.91, 39.90, 56.38, 18.25, 36.18 
4720, Yes, 41-2010, 21.82, 26.12, 29.75, 33.35, 34.22, 7.32, 21.82, 43.46, 12.55, 22.24, 31.10, 6.05, 22.10 
4740, Yes, 41-2021, 26.58, 30.39, 33.00, 36.63, 42.84, 11.84, 27.21, 52.84, 19.28, 28.26, 37.01, 7.92, 25.50 
4750, Yes, 41-2022, 42.23, 44.38, 35.24, 46.13, 45.85, 21.15, 30.80, 46.38, 23.19, 27.42, 42.80, 11.33, 27.71 
4760, Yes, 41-2031, 28.34, 32.34, 31.49, 41.77, 50.21, 14.91, 30.60, 57.77, 21.30, 30.17, 44.94, 9.56, 28.92 
4800, Yes, 41-3011, 58.98, 61.18, 39.55, 66.25, 79.66, 35.39, 46.88, 82.50, 43.36, 45.05, 76.80, 28.61, 46.42 
4810, Yes, 41-3021, 53.43, 54.57, 44.85, 66.00, 76.49, 45.02, 47.45, 82.35, 55.97, 48.90, 64.79, 25.54, 41.02 
4820, Yes, 41-3031, 69.17, 70.63, 51.95, 78.10, 85.67, 53.46, 54.28, 88.97, 61.48, 54.18, 76.19, 34.32, 47.47 
4830, Yes, 41-3041, 39.08, 38.09, 35.34, 57.00, 69.64, 22.62, 39.65, 69.64, 36.35, 38.90, 68.57, 16.66, 39.90 
4840, Yes, 41-3099, 41.69, 46.45, 33.09, 56.13, 66.89, 33.97, 41.39, 70.80, 42.01, 40.99, 62.50, 23.10, 39.36 
4850, Yes, 41-4010, 48.98, 51.24, 46.93, 60.76, 67.20, 40.83, 43.08, 69.49, 46.34, 42.18, 61.59, 24.60, 39.62 
4900, Yes, 41-9010, 27.03, 39.34, 27.62, 37.17, 51.03, 20.29, 33.01, 61.42, 30.03, 34.72, 47.70, 17.08, 33.11 
4920, Yes, 41-9020, 51.63, 55.88, 48.45, 63.64, 78.03, 40.03, 47.13, 82.03, 48.07, 46.36, 73.04, 33.01, 45.80 
4930, No , 41-9031, 78.16, 77.08, 53.16, 87.00, 91.21, 72.51, 61.99, 91.21, 74.46, 59.62, 86.29, 49.00, 55.55 
4940, Yes, 41-9041, 34.91, 40.66, 30.73, 48.15, 60.23, 25.81, 37.06, 66.56, 34.47, 37.32, 55.54, 17.90, 35.39 
4950, Yes, 41-9091, 26.55, 31.24, 23.26, 37.91, 48.58, 18.63, 31.58, 51.95, 24.34, 30.15, 46.71, 14.22, 31.71 
4960, Yes, 41-9099, 34.08, 39.33, 36.27, 44.88, 54.29, 21.38, 33.93, 61.99, 30.09, 34.71, 48.66, 12.87, 31.51 
5000, Yes, 43-1011, 37.31, 46.66, 48.27, 52.60, 62.76, 33.08, 39.78, 69.84, 47.77, 42.74, 59.47, 22.17, 38.24 
5010, Yes, 43-2011, 21.91, 33.96, 39.55, 31.04, 41.13, 11.89, 26.85, 58.89, 21.72, 30.78, 38.25, 9.81, 27.13 
5020, No , 43-2021, 21.93, 33.95, 39.54, 31.07, 41.16, 11.95, 26.88, 58.89, 21.83, 30.81, 38.27, 9.82, 27.15 
5030, Yes, 43-2099, 26.73, 31.50, 40.50, 36.84, 55.03, 19.57, 33.19, 65.37, 33.17, 36.23, 50.92, 11.13, 31.54 
5100, No , 43-3011, 38.15, 41.41, 32.20, 46.56, 60.62, 21.13, 35.58, 70.17, 30.76, 36.72, 56.02, 13.26, 33.82 
5110, Yes, 43-3021, 27.14, 34.69, 32.25, 36.51, 50.91, 11.40, 29.40, 66.30, 24.58, 33.45, 47.96, 8.21, 29.24 
5120, Yes, 43-3031, 30.45, 43.95, 46.39, 38.16, 55.22, 12.24, 31.25, 72.92, 24.14, 35.17, 53.40, 10.92, 32.48 
5130, Yes, 43-3041, 21.40, 25.63, 29.45, 33.00, 33.40, 6.98, 21.41, 42.56, 12.03, 21.78, 30.36, 5.90, 21.76 
5140, Yes, 43-3051, 27.38, 33.41, 41.71, 36.00, 53.00, 12.79, 30.85, 63.65, 27.49, 34.31, 51.00, 10.81, 31.70 
5150, No , 43-3061, 25.23, 23.03, 27.43, 37.00, 39.17, 13.71, 27.07, 40.13, 17.65, 24.82, 38.23, 7.87, 25.98 
5160, No , 43-3071, 29.33, 35.61, 43.28, 35.00, 50.00, 4.88, 24.79, 70.68, 11.82, 27.78, 48.00, 4.88, 26.79 
5200, Yes, 43-4011, 31.47, 37.93, 33.52, 40.13, 52.60, 13.65, 31.04, 64.90, 25.46, 33.66, 48.46, 10.03, 30.43 
5210, Yes, 43-4021, 32.93, 40.22, 34.86, 45.00, 59.87, 11.82, 32.51, 71.50, 30.36, 37.32, 57.93, 7.87, 32.24 
5220, Yes, 43-4031, 32.41, 40.05, 33.03, 51.00, 63.65, 20.59, 37.07, 70.68, 38.23, 39.81, 60.83, 13.71, 36.12 
5230, Yes, 43-4041, 43.98, 51.64, 41.04, 51.63, 63.26, 16.25, 35.46, 74.96, 31.95, 38.72, 58.76, 10.72, 34.10 
5240, Yes, 43-4051, 39.16, 43.40, 37.60, 47.77, 57.96, 20.51, 34.92, 65.56, 32.27, 36.43, 54.56, 13.85, 33.76 
5250, No , 43-4061, 49.94, 53.97, 48.32, 61.91, 74.82, 25.91, 42.05, 85.10, 35.60, 42.83, 71.56, 19.87, 41.66 
5260, Yes, 43-4071, 25.93, 30.54, 36.47, 37.23, 47.61, 8.71, 27.02, 60.04, 14.08, 26.53, 44.66, 7.45, 27.76 
5300, Yes, 43-4081, 25.38, 29.10, 31.93, 40.00, 53.99, 5.90, 26.94, 66.60, 7.87, 23.30, 49.00, 4.88, 27.10 
5310, Yes, 43-4111, 35.80, 43.48, 46.92, 43.50, 58.91, 11.57, 31.77, 72.75, 20.56, 33.40, 55.88, 8.89, 32.03 
5320, Yes, 43-4121, 44.80, 42.36, 29.28, 52.00, 65.70, 6.85, 31.47, 72.51, 7.87, 24.76, 63.65, 5.90, 32.75 
5330, No , 43-4131, 40.44, 48.06, 37.56, 49.81, 61.17, 16.67, 34.94, 72.33, 32.32, 38.18, 56.99, 11.21, 33.77 
5340, Yes, 43-4141, 36.20, 43.92, 48.79, 44.00, 60.83, 11.82, 32.82, 74.46, 20.59, 34.02, 56.95, 8.79, 32.53 
5350, Yes, 43-4151, 29.14, 31.27, 31.96, 38.63, 50.08, 17.69, 31.82, 56.84, 26.40, 32.28, 47.48, 13.38, 31.54 
5360, Yes, 43-4161, 31.75, 40.15, 35.96, 39.00, 56.02, 12.84, 31.79, 75.28, 33.30, 39.37, 53.02, 8.84, 31.32 
5400, Yes, 43-4171, 29.32, 37.49, 38.42, 37.30, 49.34, 6.73, 26.07, 64.73, 15.78, 28.93, 48.92, 6.36, 28.28 
5410, Yes, 43-4181, 36.37, 36.51, 34.82, 52.59, 64.35, 19.98, 36.94, 66.52, 31.91, 36.21, 62.82, 14.60, 37.04 
5420, Yes, 43-4199, 34.75, 42.85, 35.58, 45.39, 62.20, 18.72, 35.87, 72.94, 35.62, 39.48, 58.73, 13.79, 35.24 
5500, No , 43-5011, 23.07, 20.90, 32.71, 34.00, 34.30, 13.71, 25.48, 34.30, 15.71, 22.39, 34.30, 7.87, 24.64 
5510, Yes, 43-5021, 24.13, 20.71, 23.48, 37.81, 45.62, 16.33, 29.87, 47.46, 17.77, 26.33, 42.62, 12.59, 29.66 
5520, Yes, 43-5030, 31.09, 32.53, 35.60, 44.22, 48.68, 21.01, 32.50, 49.19, 29.12, 31.79, 48.39, 10.73, 30.77 
5530, Yes, 43-5041, 23.88, 20.84, 34.00, 37.00, 43.05, 24.60, 31.84, 42.07, 25.54, 28.91, 47.00, 15.71, 32.48 
5540, No , 43-5051, 30.09, 29.73, 41.97, 53.70, 55.58, 53.45, 41.83, 58.46, 59.26, 43.65, 51.68, 47.46, 41.27 
5550, Yes, 43-5052, 27.91, 25.23, 46.90, 54.00, 55.01, 48.18, 40.65, 57.01, 53.20, 41.43, 51.03, 33.83, 38.42 
5560, Yes, 43-5053, 30.25, 29.92, 42.20, 54.00, 55.97, 53.99, 42.08, 58.90, 59.87, 43.96, 52.00, 48.00, 41.51 
5600, No , 43-5061, 35.94, 35.96, 41.59, 44.36, 54.64, 24.32, 34.82, 58.99, 35.30, 35.76, 51.13, 13.85, 32.66 
5610, Yes, 43-5071, 23.67, 22.33, 32.78, 34.39, 35.96, 13.54, 25.92, 37.00, 16.48, 23.35, 35.75, 7.97, 25.17 
5620, Yes, 43-5081, 23.67, 21.54, 26.00, 37.32, 35.13, 12.04, 24.77, 36.76, 15.53, 22.38, 33.67, 7.29, 23.83 
5630, Yes, 43-5111, 25.07, 24.31, 28.01, 35.75, 37.09, 15.60, 27.06, 37.69, 21.39, 26.00, 36.45, 8.43, 25.70 
5700, Yes, 43-6010, 34.88, 47.88, 46.15, 38.31, 55.19, 10.93, 30.50, 67.79, 21.11, 32.54, 55.39, 10.05, 32.67 
5800, Yes, 43-9011, 36.70, 37.02, 50.21, 46.93, 62.55, 20.53, 36.68, 73.27, 33.29, 38.80, 55.85, 11.78, 33.65 
5810, Yes, 43-9021, 23.55, 30.70, 41.27, 31.27, 55.19, 8.12, 28.92, 71.56, 17.84, 31.83, 52.24, 6.99, 29.84 
5820, No , 43-9022, 25.22, 28.68, 40.03, 35.00, 53.99, 9.80, 29.68, 70.68, 18.69, 32.01, 53.00, 8.79, 31.28 
5830, Yes, 43-9031, 28.05, 31.42, 41.36, 37.69, 56.49, 11.71, 31.37, 72.19, 20.53, 33.31, 55.50, 10.31, 32.88 
5840, Yes, 43-9041, 44.47, 33.87, 41.99, 48.80, 63.40, 17.79, 35.84, 80.20, 35.51, 41.60, 58.32, 12.14, 34.54 
5850, Yes, 43-9051, 27.10, 26.36, 31.93, 37.17, 41.72, 12.27, 27.01, 45.69, 16.24, 25.00, 37.96, 7.88, 25.63 
5860, Yes, 43-9061, 29.23, 35.48, 33.93, 38.56, 51.53, 11.94, 30.00, 61.75, 23.21, 32.05, 49.71, 8.96, 30.31 
5900, Yes, 43-9071, 25.63, 27.40, 37.62, 37.85, 45.92, 14.97, 28.66, 52.74, 21.02, 28.20, 41.28, 11.27, 27.31 
5910, Yes, 43-9081, 27.07, 42.81, 41.45, 44.98, 66.28, 15.56, 36.22, 74.71, 24.35, 35.80, 63.23, 12.50, 36.41 
5920, Yes, 43-9111, 31.26, 37.40, 37.50, 44.00, 63.65, 23.51, 37.92, 73.50, 40.13, 41.22, 58.90, 14.68, 35.86 
5930, Yes, 43-9199, 32.31, 39.91, 34.63, 45.78, 58.97, 17.17, 34.29, 67.94, 32.53, 37.03, 56.41, 12.14, 33.86 
6000, Yes, 45-1010, 27.54, 26.36, 42.80, 41.32, 34.59, 20.52, 27.75, 34.55, 21.37, 25.16, 38.81, 10.52, 27.32 
6010, No , 45-2011, 40.36, 40.86, 49.18, 59.11, 67.27, 40.35, 42.86, 68.24, 45.91, 41.40, 66.92, 27.17, 42.02 
6020, Yes, 45-2021, 26.29, 24.73, 41.42, 38.89, 35.76, 19.51, 28.00, 34.80, 20.56, 25.02, 41.43, 12.92, 29.61 
6040, Yes, 45-2041, 19.08, 18.27, 33.58, 27.41, 21.98, 11.58, 18.59, 25.94, 14.99, 18.58, 20.19, 7.33, 17.22 
6050, Yes, 45-2090, 18.01, 15.11, 25.01, 28.37, 19.99, 8.64, 16.72, 18.96, 8.82, 12.24, 25.89, 5.98, 19.70 
6100, No , 45-3011, 22.77, 21.60, 34.36, 33.38, 26.96, 26.74, 26.87, 26.90, 26.95, 25.79, 27.66, 16.39, 25.70 
6110, No , 45-3021, 18.27, 15.62, 23.11, 32.95, 27.69, 9.12, 19.84, 28.34, 9.44, 15.23, 25.16, 6.17, 19.77 
6120, Yes, 45-4011, 33.63, 31.32, 36.44, 36.58, 39.85, 14.94, 27.52, 38.14, 15.87, 23.10, 49.51, 6.76, 28.66 
6130, Yes, 45-4020, 19.04, 17.10, 31.11, 28.75, 20.04, 19.52, 21.84, 19.12, 19.75, 20.22, 26.37, 10.93, 23.20 
6200, Yes, 47-1011, 38.59, 42.72, 52.62, 49.47, 40.87, 46.22, 35.98, 40.88, 46.52, 35.97, 49.22, 30.47, 36.78 
6210, No , 47-2011, 25.51, 26.00, 39.64, 41.00, 31.43, 46.01, 32.82, 32.30, 47.00, 34.19, 11.82, 36.35, 22.77 
6220, Yes, 47-2020, 22.64, 22.17, 36.09, 29.09, 19.77, 33.28, 25.42, 19.76, 33.27, 26.13, 27.48, 17.78, 26.44 
6230, Yes, 47-2031, 22.57, 21.41, 38.88, 34.01, 31.42, 25.50, 28.29, 30.77, 25.69, 26.44, 37.51, 16.66, 29.69 
6240, Yes, 47-2040, 22.76, 21.62, 34.62, 31.48, 25.01, 26.95, 26.15, 24.89, 27.47, 25.49, 34.57, 11.86, 25.93 
6250, No , 47-2050, 21.27, 20.29, 37.43, 29.04, 17.87, 29.03, 23.54, 17.87, 29.03, 23.99, 32.30, 26.21, 30.60 
6260, Yes, 47-2061, 18.57, 15.97, 36.37, 29.12, 24.78, 21.56, 24.65, 23.73, 21.64, 22.75, 32.49, 14.71, 27.31 
6300, No , 47-2071, 21.03, 20.17, 33.83, 27.15, 16.03, 24.91, 21.46, 16.03, 24.91, 21.59, 23.55, 28.89, 27.65 
6310, No , 47-2072, 20.56, 18.64, 35.67, 30.00, 23.51, 21.59, 24.19, 23.51, 21.59, 22.68, 32.30, 18.69, 28.57 
6320, Yes, 47-2073, 21.40, 20.69, 45.62, 31.67, 19.93, 31.26, 24.95, 19.21, 31.89, 25.40, 34.79, 23.59, 30.68 
6330, Yes, 47-2080, 23.61, 23.42, 34.57, 30.27, 20.41, 28.30, 24.53, 19.50, 28.31, 24.17, 22.65, 14.81, 23.34 
6350, Yes, 47-2111, 30.88, 31.71, 50.59, 44.77, 45.79, 41.92, 36.56, 45.79, 42.90, 35.76, 46.08, 29.45, 35.74 
6360, No , 47-2121, 25.29, 24.92, 30.08, 34.47, 28.67, 27.59, 27.71, 28.50, 28.83, 26.95, 37.41, 11.92, 27.62 
6400, No , 47-2130, 27.90, 29.06, 32.64, 33.94, 26.46, 30.23, 27.62, 26.46, 31.29, 27.42, 29.36, 17.67, 27.19 
6420, No , 47-2141, 20.80, 18.69, 33.91, 31.01, 28.52, 20.60, 25.84, 27.51, 21.61, 23.78, 40.15, 12.81, 29.17 
6430, No , 47-2142, 23.40, 22.65, 31.14, 37.00, 41.10, 26.50, 31.74, 37.29, 29.32, 29.38, 53.00, 19.62, 35.60 
6440, Yes, 47-2150, 27.07, 27.84, 44.36, 37.78, 31.30, 38.43, 31.18, 31.29, 38.43, 31.10, 36.77, 27.37, 32.39 
6460, No , 47-2161, 21.55, 20.92, 34.91, 31.00, 18.69, 31.43, 24.48, 18.69, 30.36, 24.75, 31.43, 35.21, 32.27 
6500, Yes, 47-2171, 25.59, 25.70, 40.66, 34.79, 26.92, 36.96, 29.10, 26.92, 36.96, 29.26, 19.56, 19.33, 22.84 
6510, No , 47-2181, 19.76, 18.01, 37.15, 27.01, 17.68, 21.59, 21.47, 17.68, 21.59, 20.79, 30.37, 20.58, 28.43 
6520, Yes, 47-2211, 26.24, 26.66, 47.70, 37.86, 30.95, 34.60, 30.27, 31.68, 35.74, 30.32, 26.25, 22.67, 27.25 
6530, Yes, 47-2221, 26.30, 26.69, 41.37, 35.47, 27.40, 39.12, 29.79, 27.40, 39.12, 30.19, 17.77, 19.42, 22.03 
6600, Yes, 47-3010, 19.16, 16.74, 32.62, 29.68, 23.05, 16.30, 21.89, 22.69, 16.32, 19.23, 30.14, 11.51, 24.75 
6660, Yes, 47-4011, 36.89, 36.54, 48.17, 56.11, 65.26, 44.66, 43.31, 64.54, 46.17, 40.98, 66.58, 27.70, 42.21 
6700, No , 47-4021, 23.64, 23.03, 39.02, 45.00, 40.13, 68.57, 40.40, 40.13, 68.57, 43.03, 53.00, 45.02, 41.27 
6710, No , 47-4031, 20.56, 18.64, 35.67, 30.00, 23.51, 21.59, 24.19, 23.51, 21.59, 22.68, 32.30, 18.69, 28.57 
6720, Yes, 47-4041, 25.36, 25.57, 32.41, 32.79, 25.77, 28.75, 26.96, 25.77, 29.88, 26.64, 28.84, 17.21, 26.76 
6730, No , 47-4051, 18.88, 16.41, 36.20, 29.04, 24.16, 21.69, 24.44, 23.26, 21.69, 22.65, 31.92, 15.97, 27.47 
6740, Yes, 47-4061, 19.75, 17.52, 29.34, 29.79, 24.16, 18.01, 23.19, 24.44, 19.00, 21.57, 25.95, 12.76, 23.43 
6750, No , 47-4071, 19.56, 17.24, 28.97, 29.43, 23.51, 17.50, 22.80, 23.82, 18.53, 21.19, 25.33, 12.51, 23.05 
6760, Yes, 47-4090, 20.30, 18.53, 35.18, 29.69, 23.46, 21.12, 24.02, 23.76, 21.83, 22.84, 30.34, 17.34, 27.19 
6800, Yes, 47-5010, 21.54, 20.20, 41.31, 37.33, 26.31, 25.62, 26.01, 26.26, 25.72, 24.76, 43.24, 26.73, 34.38 
6820, No , 47-5021, 20.89, 19.55, 37.62, 33.26, 22.16, 36.29, 27.01, 22.15, 36.29, 27.66, 18.49, 33.45, 25.71 
6830, Yes, 47-5031, 20.57, 19.38, 36.48, 35.52, 25.63, 30.58, 27.18, 25.63, 31.47, 27.17, 22.15, 6.24, 18.17 
6840, Yes, 47-5040, 20.39, 18.47, 35.02, 35.34, 21.20, 47.11, 28.96, 21.17, 47.16, 31.14, 25.17, 42.61, 31.18 
6910, No , 47-5061, 20.24, 18.16, 30.07, 38.38, 21.59, 40.67, 27.86, 20.79, 40.67, 28.99, 27.08, 40.59, 31.67 
6920, Yes, 47-5071, 20.69, 19.12, 40.14, 36.32, 23.30, 23.36, 24.53, 23.19, 23.36, 23.26, 40.51, 26.99, 33.53 
6930, Yes, 47-5081, 18.93, 16.59, 33.30, 29.98, 23.52, 17.98, 22.73, 22.35, 18.33, 20.33, 37.39, 12.78, 28.43 
6940, Yes, 47-50XX, 23.78, 22.69, 34.25, 37.85, 32.74, 27.20, 28.39, 33.62, 29.56, 27.93, 34.45, 22.49, 29.26 
7000, Yes, 49-1011, 34.12, 36.09, 50.09, 51.36, 51.73, 53.49, 40.84, 51.33, 54.71, 40.85, 56.00, 47.26, 42.62 
7010, Yes, 49-2011, 42.79, 41.90, 46.20, 56.46, 71.17, 41.34, 44.75, 71.83, 43.56, 41.87, 67.29, 24.83, 41.63 
7020, Yes, 49-2020, 33.00, 32.62, 37.76, 48.88, 52.45, 54.38, 41.28, 52.73, 56.86, 41.93, 54.08, 41.07, 40.85 
7030, Yes, 49-2091, 25.43, 24.57, 36.39, 39.66, 45.61, 32.28, 34.19, 46.29, 33.95, 32.76, 41.83, 21.17, 31.75 
7040, Yes, 49-2092, 25.92, 25.33, 40.62, 39.37, 40.86, 36.35, 33.82, 41.30, 37.26, 32.88, 39.39, 19.46, 31.19 
7050, Yes, 49-2093, 26.75, 26.68, 38.53, 41.00, 48.00, 46.01, 38.14, 49.00, 48.00, 38.16, 36.35, 20.59, 30.52 
7100, No , 49-209X, 37.56, 36.23, 43.35, 52.05, 62.84, 42.57, 42.95, 63.06, 43.16, 40.37, 62.11, 34.97, 42.55 
7110, Yes, 49-2096, 23.66, 22.53, 38.44, 36.33, 39.12, 28.84, 31.18, 39.73, 30.42, 29.82, 37.27, 21.52, 30.46 
7120, Yes, 49-2097, 28.36, 26.76, 38.30, 44.10, 54.76, 33.61, 37.50, 54.83, 33.75, 34.64, 55.94, 29.57, 38.88 
7130, No , 49-2098, 30.48, 31.05, 50.29, 44.52, 46.33, 40.94, 36.53, 46.26, 41.91, 35.55, 46.37, 29.05, 35.87 
7140, Yes, 49-3011, 30.62, 31.18, 52.49, 50.47, 56.21, 48.16, 40.99, 56.24, 49.53, 40.12, 53.08, 27.68, 37.67 
7150, Yes, 49-3021, 22.01, 21.11, 31.93, 30.37, 22.61, 22.46, 23.94, 22.75, 22.94, 22.96, 26.86, 15.37, 25.28 
7160, No , 49-3022, 21.29, 20.44, 31.87, 29.66, 21.70, 22.15, 23.54, 22.06, 22.91, 22.80, 25.55, 15.04, 24.63 
7200, No , 49-3023, 20.95, 19.19, 39.63, 32.01, 29.34, 20.41, 26.16, 28.92, 20.42, 23.62, 31.46, 20.55, 28.82 
7210, Yes, 49-3031, 21.78, 20.42, 43.43, 34.84, 27.59, 26.18, 27.04, 27.56, 26.18, 25.76, 25.86, 29.84, 28.94 
7220, Yes, 49-3040, 23.24, 22.25, 44.29, 38.89, 31.44, 40.54, 31.65, 31.44, 40.69, 31.86, 40.56, 32.91, 34.84 
7240, Yes, 49-3050, 24.83, 24.43, 27.75, 32.00, 30.36, 17.65, 25.60, 30.36, 17.65, 22.56, 27.49, 19.62, 27.02 
7260, Yes, 49-3090, 20.33, 17.61, 23.52, 32.74, 26.03, 12.56, 21.50, 25.87, 13.33, 17.83, 28.86, 8.54, 22.95 
7300, Yes, 49-9010, 24.07, 22.82, 34.46, 38.82, 37.77, 36.62, 32.93, 37.77, 37.59, 32.29, 34.56, 23.04, 30.35 
7310, Yes, 49-9021, 26.37, 26.22, 41.97, 39.00, 39.19, 29.30, 31.85, 39.19, 29.30, 29.81, 36.40, 16.64, 29.32 
7320, Yes, 49-9031, 24.24, 22.59, 37.48, 38.98, 41.07, 25.56, 31.49, 41.07, 25.58, 28.71, 43.82, 12.79, 30.34 
7330, Yes, 49-904X, 22.20, 21.22, 29.08, 35.50, 29.99, 31.74, 29.11, 31.13, 31.88, 28.62, 27.06, 14.33, 24.94 
7340, Yes, 49-9042, 25.46, 24.51, 43.38, 37.96, 34.28, 29.24, 30.23, 34.28, 29.25, 28.67, 41.93, 19.53, 32.09 
7350, Yes, 49-9043, 22.74, 21.52, 34.27, 35.91, 29.53, 28.71, 27.76, 29.93, 29.46, 26.94, 32.72, 17.93, 27.69 
7360, No , 49-9044, 25.37, 26.45, 42.08, 41.63, 32.18, 53.43, 34.52, 32.24, 54.42, 36.42, 22.71, 23.90, 26.07 
7410, Yes, 49-9051, 31.12, 31.78, 47.13, 45.59, 41.67, 62.85, 39.99, 40.83, 63.81, 41.80, 43.10, 40.20, 37.43 
7420, Yes, 49-9052, 28.65, 27.47, 40.14, 45.30, 48.66, 57.27, 40.64, 48.63, 58.22, 41.42, 53.45, 46.06, 41.52 
7430, Yes, 49-9060, 28.93, 28.17, 39.01, 44.54, 51.53, 29.29, 35.56, 51.97, 31.04, 33.03, 45.66, 16.85, 31.98 
7510, Yes, 49-9091, 24.87, 23.56, 25.22, 38.53, 40.37, 18.61, 29.11, 42.31, 20.69, 26.71, 33.29, 9.46, 25.12 
7520, Yes, 49-9092, 45.38, 43.82, 60.07, 56.09, 70.51, 25.67, 41.13, 70.51, 28.36, 36.48, 69.70, 15.30, 40.17 
7540, Yes, 49-9094, 24.75, 24.36, 38.98, 38.94, 39.84, 25.60, 31.09, 40.78, 25.69, 28.68, 32.10, 22.34, 29.50 
7550, No , 49-9095, 22.18, 21.70, 32.43, 35.40, 35.99, 24.62, 29.41, 36.72, 26.94, 28.23, 30.46, 12.08, 25.22 
7560, No , 49-9096, 22.93, 22.17, 36.50, 35.38, 33.42, 29.64, 29.54, 33.55, 31.02, 28.66, 33.67, 18.17, 28.07 
7600, Yes, 49-9097, 26.93, 27.34, 44.79, 41.83, 37.06, 55.00, 36.47, 36.34, 55.81, 37.85, 39.49, 34.74, 34.83 
7610, Yes, 49-9098, 20.61, 19.86, 31.10, 32.25, 26.25, 14.75, 22.49, 26.99, 16.33, 20.09, 30.17, 15.23, 26.00 
7620, Yes, 49-909X, 25.88, 26.08, 35.07, 38.36, 39.98, 26.79, 31.27, 40.67, 28.79, 29.76, 36.76, 14.19, 28.28 
7700, Yes, 51-1011, 33.99, 36.21, 46.96, 48.94, 43.36, 43.10, 36.10, 45.11, 47.84, 37.22, 35.76, 20.57, 30.34 
7710, Yes, 51-2011, 17.96, 17.77, 34.74, 28.03, 23.25, 19.49, 23.38, 26.18, 25.78, 25.18, 18.29, 10.01, 19.17 
7720, Yes, 51-2020, 17.78, 17.64, 29.56, 25.48, 23.37, 11.69, 20.30, 30.96, 18.45, 23.00, 18.57, 7.43, 17.76 
7730, Yes, 51-2031, 17.85, 17.72, 33.00, 29.67, 24.76, 19.82, 23.89, 28.48, 25.93, 25.73, 18.93, 10.22, 19.54 
7740, Yes, 51-2041, 20.10, 20.01, 35.82, 29.25, 23.88, 22.97, 24.43, 25.90, 27.86, 25.80, 18.33, 11.33, 19.39 
7750, Yes, 51-2090, 18.06, 17.92, 35.25, 27.26, 23.04, 18.73, 23.05, 26.21, 25.34, 25.00, 18.34, 9.84, 19.07 
7800, Yes, 51-3011, 19.93, 20.18, 33.34, 29.82, 27.39, 10.99, 20.96, 28.61, 13.87, 18.69, 24.97, 6.52, 19.65 
7810, Yes, 51-3020, 20.50, 19.77, 32.60, 31.92, 21.47, 16.76, 21.42, 23.22, 18.82, 20.87, 17.73, 5.96, 16.17 
7830, No , 51-3091, 19.15, 18.54, 30.30, 28.88, 23.46, 20.20, 23.69, 25.07, 24.22, 24.15, 19.98, 10.24, 19.98 
7840, Yes, 51-3092, 19.28, 18.52, 29.09, 29.04, 24.85, 14.51, 21.70, 22.69, 17.76, 19.99, 25.63, 8.98, 21.49 
7850, Yes, 51-3093, 19.70, 19.27, 30.85, 29.98, 24.05, 21.56, 24.12, 25.64, 26.21, 24.99, 20.70, 9.32, 19.81 
7900, Yes, 51-4010, 46.20, 45.32, 45.50, 62.11, 60.71, 49.81, 42.97, 62.90, 56.84, 44.18, 48.50, 12.39, 28.52 
7920, Yes, 51-4021, 19.27, 18.63, 35.20, 29.15, 22.58, 21.79, 23.76, 23.82, 24.76, 24.05, 18.18, 9.14, 18.43 
7930, Yes, 51-4022, 20.81, 20.43, 35.35, 32.64, 18.87, 26.87, 23.45, 19.00, 29.00, 24.35, 25.65, 6.91, 20.67 
7940, Yes, 51-4023, 22.86, 23.78, 39.45, 36.37, 18.57, 37.82, 25.78, 18.63, 41.76, 28.59, 19.25, 13.21, 21.08 
7950, Yes, 51-4031, 17.79, 17.20, 34.34, 26.94, 17.83, 19.77, 20.86, 18.87, 24.11, 22.07, 13.70, 8.84, 15.67 
7960, Yes, 51-4032, 19.35, 18.70, 36.95, 32.00, 21.59, 17.65, 22.10, 23.51, 20.59, 22.22, 13.71, 6.85, 14.61 
8000, Yes, 51-4033, 19.50, 18.86, 22.83, 30.02, 18.69, 22.61, 22.23, 19.62, 24.60, 22.76, 17.61, 9.79, 18.73 
8010, Yes, 51-4034, 22.23, 21.82, 38.07, 34.87, 25.82, 25.30, 26.11, 25.85, 27.42, 25.78, 21.60, 13.84, 22.23 
8020, Yes, 51-4035, 21.86, 21.02, 32.03, 36.00, 29.32, 26.50, 27.82, 27.49, 29.32, 27.02, 40.13, 9.80, 27.77 
8030, Yes, 51-4041, 24.43, 24.02, 46.82, 37.98, 33.39, 32.20, 30.58, 34.29, 33.31, 30.10, 23.50, 14.67, 23.75 
8040, Yes, 51-4050, 20.53, 19.72, 39.56, 35.36, 25.34, 35.77, 28.36, 25.50, 37.92, 29.45, 23.01, 17.75, 24.47 
8060, No , 51-4060, 35.58, 33.89, 31.02, 44.47, 47.34, 50.05, 38.73, 45.02, 54.05, 39.25, 59.55, 29.73, 40.20 
8100, Yes, 51-4070, 19.14, 18.32, 32.84, 28.31, 23.85, 20.60, 23.87, 25.45, 24.37, 24.28, 19.07, 7.91, 18.03 
8120, Yes, 51-4081, 20.92, 21.01, 31.20, 32.21, 24.31, 20.58, 24.05, 25.98, 23.32, 23.98, 18.14, 8.47, 18.08 
8130, No , 51-4111, 31.82, 33.67, 42.60, 45.84, 42.05, 50.91, 37.22, 42.05, 50.91, 37.46, 35.39, 26.46, 31.72 
8140, Yes, 51-4120, 20.44, 19.63, 41.47, 31.48, 23.18, 25.67, 25.07, 23.50, 26.84, 24.86, 18.46, 12.51, 20.38 
8150, Yes, 51-4191, 21.99, 21.41, 40.38, 35.70, 24.26, 32.95, 27.33, 24.27, 34.79, 28.00, 17.87, 11.24, 19.56 
8160, Yes, 51-4192, 24.38, 24.21, 33.38, 37.00, 33.40, 27.41, 29.35, 32.03, 28.29, 27.59, 37.79, 19.05, 30.16 
8200, Yes, 51-4193, 19.82, 18.20, 36.05, 29.98, 22.62, 17.74, 22.57, 23.53, 18.87, 21.33, 14.79, 9.77, 17.11 
8210, No , 51-4194, 20.86, 20.31, 26.71, 37.60, 28.85, 32.81, 29.02, 27.24, 33.87, 28.51, 38.84, 20.05, 30.99 
8220, No , 51-4199, 19.47, 19.07, 33.51, 29.95, 23.06, 21.15, 23.62, 24.51, 25.76, 24.53, 18.84, 8.76, 18.33 
8230, Yes, 51-5010, 21.06, 25.34, 32.61, 28.77, 29.03, 19.34, 25.53, 32.67, 29.00, 27.99, 25.20, 9.49, 22.07 
8240, No , 51-5021, 26.48, 26.92, 39.39, 36.81, 33.46, 25.14, 28.84, 33.55, 28.19, 28.01, 32.30, 8.76, 24.53 
8250, Yes, 51-5022, 27.77, 28.10, 38.81, 39.72, 45.22, 25.13, 32.16, 45.76, 35.37, 33.04, 42.90, 11.44, 29.08 
8260, Yes, 51-5023, 26.31, 26.93, 39.12, 36.21, 33.45, 23.94, 28.43, 33.83, 27.22, 27.63, 32.08, 8.67, 24.38 
8300, Yes, 51-6011, 16.94, 17.62, 31.67, 23.22, 19.73, 9.05, 17.41, 29.14, 13.97, 20.04, 13.95, 4.99, 13.16 
8310, Yes, 51-6021, 14.87, 14.17, 28.60, 18.32, 13.95, 8.03, 13.59, 18.04, 13.16, 16.12, 12.05, 4.91, 11.72 
8320, Yes, 51-6031, 14.53, 14.83, 27.50, 17.00, 11.82, 4.88, 9.56, 14.68, 10.81, 13.20, 11.82, 3.92, 10.46 
8330, Yes, 51-6041, 18.64, 17.30, 35.11, 26.29, 22.58, 15.01, 21.42, 25.26, 17.87, 21.07, 16.86, 6.96, 16.38 
8340, Yes, 51-6042, 15.07, 13.24, 32.51, 17.32, 9.14, 5.29, 7.55, 12.14, 6.39, 7.15, 8.18, 4.05, 7.25 
8350, Yes, 51-6050, 18.71, 18.62, 38.20, 26.15, 26.24, 9.79, 20.40, 23.68, 17.20, 20.40, 26.83, 6.24, 20.60 
8360, Yes, 51-6061, 18.76, 17.69, 30.20, 28.59, 23.11, 18.65, 22.44, 25.41, 21.00, 22.35, 20.66, 11.65, 20.18 
8400, No , 51-6062, 18.01, 17.11, 31.39, 24.40, 18.33, 11.90, 18.03, 19.35, 14.37, 17.27, 15.74, 5.58, 14.43 
8410, Yes, 51-6063, 15.08, 13.20, 34.34, 19.51, 16.16, 6.74, 13.56, 14.28, 8.66, 10.65, 16.04, 5.18, 14.50 
8420, Yes, 51-6064, 14.10, 11.96, 30.53, 18.24, 12.21, 6.26, 10.95, 16.03, 12.91, 15.26, 10.06, 3.14, 7.86 
8430, Yes, 51-6091, 17.36, 16.39, 31.58, 25.75, 19.42, 15.43, 19.57, 21.58, 19.29, 20.57, 16.43, 7.36, 15.94 
8440, No , 51-6092, 33.12, 30.58, 29.42, 40.12, 43.89, 37.54, 34.75, 42.10, 43.62, 35.09, 50.74, 23.51, 35.42 
8450, No , 51-6093, 18.04, 16.70, 34.86, 26.22, 22.59, 14.76, 21.44, 23.27, 17.77, 20.52, 20.78, 8.28, 19.43 
8460, No , 51-6099, 16.84, 15.56, 33.10, 23.88, 21.41, 13.24, 19.78, 23.87, 16.70, 19.57, 16.99, 7.45, 16.21 
8500, No , 51-7011, 21.74, 20.24, 44.55, 34.94, 32.56, 21.11, 27.31, 32.77, 22.17, 25.11, 25.79, 9.48, 22.20 
8510, No , 51-7021, 19.85, 18.51, 38.49, 28.31, 30.46, 13.31, 23.89, 32.32, 16.17, 22.15, 24.76, 7.06, 20.39 
8520, Yes, 51-7030, 30.21, 32.08, 38.52, 48.10, 50.82, 58.84, 41.41, 49.76, 61.79, 42.55, 60.65, 19.41, 37.46 
8530, Yes, 51-7041, 16.76, 14.47, 33.56, 24.28, 15.95, 10.25, 16.10, 16.03, 10.49, 13.33, 16.57, 6.02, 15.66 
8540, Yes, 51-7042, 19.10, 18.40, 26.39, 29.81, 24.21, 10.60, 19.93, 24.86, 11.63, 16.84, 21.03, 5.61, 17.32 
8550, No , 51-7099, 20.17, 19.68, 28.80, 31.03, 26.83, 15.80, 23.10, 27.48, 18.23, 21.42, 25.37, 7.20, 19.33 
8600, Yes, 51-8010, 31.57, 32.19, 42.37, 48.77, 52.21, 65.24, 43.35, 51.99, 66.11, 44.77, 56.45, 43.83, 42.06 
8610, Yes, 51-8021, 28.09, 27.80, 40.16, 49.68, 53.34, 54.58, 41.39, 52.37, 55.59, 41.19, 57.15, 34.83, 40.56 
8620, Yes, 51-8031, 26.90, 26.54, 38.85, 40.82, 47.94, 32.25, 35.08, 47.79, 33.25, 32.86, 56.72, 21.57, 37.19 
8630, Yes, 51-8090, 24.08, 23.25, 42.25, 45.18, 44.89, 46.28, 37.19, 45.02, 47.76, 37.17, 46.12, 29.96, 35.93 
8640, Yes, 51-9010, 20.01, 19.35, 30.60, 40.30, 35.04, 44.92, 33.56, 36.00, 47.22, 34.87, 28.81, 27.35, 29.08 
8650, Yes, 51-9020, 19.02, 17.65, 27.63, 30.68, 21.16, 20.56, 22.66, 21.96, 22.12, 22.35, 19.06, 11.78, 19.58 
8710, Yes, 51-9030, 18.23, 17.29, 32.66, 26.35, 18.26, 14.02, 19.00, 19.31, 16.27, 18.42, 15.25, 7.02, 15.44 
8720, Yes, 51-9041, 23.23, 22.22, 32.50, 33.15, 28.46, 20.99, 25.23, 29.15, 24.42, 24.83, 27.01, 10.27, 22.18 
8730, Yes, 51-9051, 20.27, 19.46, 38.29, 34.70, 24.96, 34.37, 27.86, 25.24, 36.63, 28.90, 22.89, 16.99, 24.11 
8740, Yes, 51-9061, 21.62, 24.81, 36.29, 33.01, 32.99, 23.01, 27.70, 42.58, 33.63, 31.73, 23.12, 9.90, 21.07 
8750, Yes, 51-9071, 28.32, 27.51, 43.07, 39.51, 44.20, 21.74, 31.25, 45.16, 26.97, 29.99, 42.49, 10.67, 28.59 
8760, Yes, 51-9080, 30.91, 33.04, 43.47, 43.25, 53.89, 17.22, 32.60, 58.92, 26.26, 32.60, 51.58, 8.85, 30.68 
8800, Yes, 51-9111, 17.62, 17.16, 25.36, 25.10, 17.83, 11.12, 17.58, 22.71, 16.95, 20.06, 12.97, 6.93, 14.10 
8810, Yes, 51-9120, 20.59, 18.84, 30.86, 30.28, 25.72, 20.59, 24.53, 26.08, 22.76, 23.76, 25.48, 9.63, 21.83 
8830, Yes, 51-9130, 29.74, 31.72, 38.00, 41.06, 51.10, 15.48, 31.29, 55.24, 21.74, 29.91, 46.39, 8.85, 29.03 
8840, Yes, 51-9141, 19.00, 18.86, 29.53, 27.69, 24.71, 14.76, 21.85, 30.15, 20.26, 23.52, 20.82, 7.77, 18.87 
8850, Yes, 51-9191, 18.77, 18.35, 33.80, 25.40, 17.41, 15.03, 19.03, 21.18, 19.70, 20.96, 11.76, 9.31, 14.49 
8860, Yes, 51-9192, 18.92, 17.82, 28.32, 28.44, 20.97, 15.45, 20.88, 22.05, 18.53, 20.51, 17.78, 6.24, 16.10 
8900, Yes, 51-9193, 19.31, 17.73, 27.28, 32.69, 24.60, 16.08, 22.38, 26.24, 19.32, 21.54, 22.01, 7.84, 19.61 
8910, Yes, 51-9194, 23.63, 24.59, 39.15, 35.86, 35.52, 18.44, 27.28, 36.66, 23.19, 26.13, 33.99, 9.54, 25.27 
8920, Yes, 51-9195, 21.47, 20.57, 32.64, 32.55, 34.56, 23.77, 28.75, 33.98, 28.07, 27.94, 36.97, 9.24, 25.96 
8930, Yes, 51-9196, 19.05, 18.62, 30.23, 26.77, 21.02, 18.72, 21.95, 24.39, 25.20, 24.45, 17.50, 8.20, 17.45 
8940, Yes, 51-9197, 18.37, 17.81, 31.55, 27.67, 22.38, 18.55, 22.37, 24.44, 23.44, 23.50, 19.08, 8.56, 18.50 
8950, Yes, 51-9198, 18.90, 16.86, 27.21, 29.49, 22.94, 14.12, 21.30, 23.35, 15.94, 19.61, 20.73, 7.77, 18.97 
8960, Yes, 51-9199, 19.18, 17.62, 28.29, 29.74, 24.19, 17.45, 23.00, 25.47, 20.79, 22.56, 20.68, 8.63, 19.49 
9000, Yes, 53-1000, 43.01, 48.28, 43.68, 52.28, 56.87, 37.23, 39.12, 58.57, 42.56, 38.57, 54.75, 22.30, 36.77 
9030, Yes, 53-2010, 66.61, 66.72, 60.32, 79.02, 87.87, 69.57, 59.03, 87.86, 70.38, 56.47, 82.21, 45.26, 52.55 
9040, Yes, 53-2020, 48.25, 54.02, 55.55, 64.00, 72.85, 53.14, 47.61, 75.41, 61.66, 48.58, 68.30, 31.43, 43.64 
9110, No , 53-3011, 24.35, 24.85, 40.41, 35.16, 40.21, 12.52, 26.74, 47.18, 17.20, 26.05, 37.79, 8.29, 26.10 
9120, Yes, 53-3020, 21.48, 21.14, 32.01, 30.05, 30.50, 19.56, 26.26, 34.37, 26.35, 27.52, 25.72, 12.73, 23.87 
9130, Yes, 53-3030, 22.53, 21.51, 30.53, 33.67, 27.27, 22.80, 25.91, 26.52, 23.74, 24.34, 34.77, 12.97, 27.37 
9140, Yes, 53-3041, 22.53, 20.40, 29.29, 33.09, 37.83, 17.05, 27.79, 38.18, 18.62, 24.73, 36.56, 9.78, 26.41 
9150, Yes, 53-3099, 21.94, 20.34, 26.91, 32.24, 33.97, 21.30, 27.64, 33.97, 22.30, 25.27, 33.54, 16.63, 27.50 
9200, Yes, 53-4010, 31.18, 33.58, 41.31, 49.87, 40.24, 70.99, 41.01, 39.38, 72.25, 44.25, 52.88, 49.56, 42.05 
9230, Yes, 53-4021, 33.83, 36.32, 43.93, 52.55, 49.51, 61.92, 41.93, 50.36, 65.52, 44.23, 55.08, 45.78, 42.12 
9240, Yes, 53-4031, 36.47, 40.18, 42.16, 50.00, 39.17, 69.64, 40.31, 38.23, 72.51, 44.08, 56.95, 29.32, 39.35 
9260, Yes, 53-30XX, 23.34, 22.50, 33.32, 38.56, 30.66, 39.16, 30.12, 31.00, 40.60, 30.67, 31.92, 27.71, 28.67 
9300, No , 53-5011, 22.02, 20.37, 35.41, 37.71, 32.11, 32.23, 30.06, 31.43, 32.24, 28.92, 54.15, 25.34, 37.31 
9310, Yes, 53-5020, 33.13, 34.17, 52.91, 48.51, 46.27, 40.62, 36.52, 45.64, 41.91, 35.51, 57.42, 24.25, 38.09 
9330, Yes, 53-5031, 33.26, 32.79, 48.12, 48.85, 57.59, 46.68, 41.37, 57.59, 46.99, 39.80, 59.88, 41.90, 43.25 
9340, No , 53-6011, 21.14, 25.03, 29.35, 33.17, 33.18, 7.95, 21.74, 41.88, 12.82, 22.05, 30.21, 6.38, 21.96 
9350, No , 53-6021, 22.40, 22.32, 24.64, 34.17, 33.93, 9.22, 22.99, 37.21, 11.32, 20.03, 36.07, 8.77, 25.56 
9360, No , 53-6031, 23.37, 21.37, 24.39, 34.41, 28.19, 12.56, 22.04, 27.86, 13.60, 18.15, 31.63, 8.89, 24.00 
9410, Yes, 53-6051, 28.53, 31.21, 41.59, 43.66, 47.38, 33.84, 35.25, 53.26, 42.68, 37.41, 39.57, 17.81, 29.88 
9420, No , 53-60XX, 28.14, 27.76, 33.00, 41.11, 40.94, 25.31, 30.42, 42.34, 29.13, 29.08, 40.31, 16.01, 29.41 
9500, Yes, 53-7011, 18.72, 16.76, 27.90, 27.79, 21.54, 23.99, 22.59, 22.37, 26.76, 23.12, 18.03, 10.56, 18.59 
9510, No , 53-7021, 21.97, 21.74, 42.82, 35.85, 20.79, 43.69, 28.14, 20.70, 43.84, 30.00, 27.50, 40.65, 31.74 
9520, Yes, 53-7030, 21.89, 21.21, 40.43, 31.31, 19.51, 31.90, 24.90, 19.25, 32.11, 25.50, 27.38, 23.45, 27.72 
9560, No , 53-7041, 21.44, 20.65, 44.02, 33.81, 20.81, 29.26, 24.94, 20.24, 29.81, 24.96, 38.99, 22.18, 31.87 
9600, Yes, 53-7051, 18.29, 16.21, 35.16, 29.00, 19.62, 19.62, 21.84, 18.69, 19.62, 20.19, 23.51, 14.68, 23.77 
9610, Yes, 53-7061, 17.62, 14.97, 20.31, 29.57, 21.01, 10.57, 18.77, 21.45, 10.97, 15.50, 20.76, 9.29, 19.97 
9620, No , 53-7062, 19.54, 16.82, 24.32, 34.25, 26.11, 12.97, 21.81, 26.96, 14.29, 19.20, 24.80, 8.27, 20.86 
9630, Yes, 53-7063, 18.17, 15.97, 35.96, 26.28, 20.04, 14.40, 20.15, 21.09, 16.70, 19.35, 15.99, 7.96, 16.72 
9640, Yes, 53-7064, 16.60, 15.85, 22.59, 24.41, 19.65, 8.10, 16.60, 23.43, 11.06, 16.23, 16.72, 5.97, 15.53 
9650, Yes, 53-7070, 26.39, 25.85, 37.54, 46.11, 48.08, 50.20, 38.78, 47.30, 51.61, 38.76, 50.34, 30.72, 37.07 
9720, Yes, 53-7081, 17.36, 15.12, 27.44, 25.30, 17.17, 21.05, 21.00, 16.34, 21.18, 20.04, 31.38, 18.74, 28.11 
9730, No , 53-7111, 19.52, 17.98, 26.75, 31.00, 25.54, 31.43, 27.56, 25.54, 34.52, 28.33, 21.42, 12.90, 22.15 
9740, Yes, 53-7121, 19.57, 18.03, 27.60, 31.44, 26.06, 31.82, 27.78, 26.09, 34.81, 28.50, 22.11, 13.60, 22.56 
9750, Yes, 53-7199, 19.35, 17.51, 27.45, 31.34, 26.47, 25.48, 26.22, 26.56, 28.07, 25.87, 24.22, 11.78, 22.72 
